caldt,t30ret
20130731,0.000009
20130830,0.000009
20130930,0.000008
20131031,0.000017
20131129,0.000032
20131231,0.000023
20140131,0.000012
20140228,0.000045
20140331,0.000028
20140430,0.000015
20140530,0.000008
20140630,0.00002
